{
  "src": ["/sfx/sfx.webm", "/sfx/sfx.mp3"],
  "sprite": {
    "urgent": [0, 72.8344671201814],
    "super-urgent": [2000, 72.83446712018149],
    "timeout": [4000, 27.392290249433238]
  }
}
